France,1960,France , Yugoslavia,4–5,Semi-finals[edit]
France,1960,Czechoslovakia , Soviet Union,0–3,Semi-finals[edit]
France,1960,Czechoslovakia , France,2–0,Third place play-off[edit]
France,1960,Soviet Union , Yugoslavia,2–1 (a.e.t.),Final[edit]
Spain,1964,Spain , Hungary,2–1 (a.e.t.),Semi-finals[edit]
Spain,1964,Denmark , Soviet Union,0–3,Semi-finals[edit]
Spain,1964,Hungary , Denmark,3–1 (a.e.t.),Third place play-off[edit]
Spain,1964,Spain , Soviet Union,2–1,Final[edit]
Italy,1968,Italy , Soviet Union,"0–0 (a.e.t.)
Italy won on coin toss",Semi-finals[edit]
Italy,1968,Yugoslavia , England,1–0,Semi-finals[edit]
Italy,1968,England , Soviet Union,2–0,Third place play-off[edit]
Italy,1968,Italy , Yugoslavia,1–1 (a.e.t.),Final[edit]
Italy,1968,Italy , Yugoslavia,2–0,Final[edit]
Belgium,1972,Hungary , Soviet Union,0–1,Semi-finals[edit]
Belgium,1972,Belgium , West Germany,1–2,Semi-finals[edit]
Belgium,1972,Hungary , Belgium,1–2,Third-place play-off[edit]
Belgium,1972,West Germany , Soviet Union,3–0,Final[edit]
Yugoslavia,1976,Czechoslovakia , Netherlands,3–1 (a.e.t.),Semi-finals[edit]
Yugoslavia,1976,Yugoslavia , West Germany,2–4 (a.e.t.),Semi-finals[edit]
Yugoslavia,1976,Netherlands , Yugoslavia,3–2 (a.e.t.),Third place play-off[edit]
Yugoslavia,1976,Czechoslovakia , West Germany,2–2 (a.e.t.),Final[edit]
Italy,1980,Czechoslovakia , West Germany,0–1,Group 1[edit]
Italy,1980,Netherlands , Greece,1–0,Group 1[edit]
Italy,1980,West Germany , Netherlands,3–2,Group 1[edit]
Italy,1980,Greece , Czechoslovakia,1–3,Group 1[edit]
Italy,1980,Netherlands , Czechoslovakia,1–1,Group 1[edit]
Italy,1980,Greece , West Germany,0–0,Group 1[edit]
Italy,1980,Belgium , England,1–1,Group 2[edit]
Italy,1980,Spain , Italy,0–0,Group 2[edit]
Italy,1980,Belgium , Spain,2–1,Group 2[edit]
Italy,1980,England , Italy,0–1,Group 2[edit]
Italy,1980,Spain , England,1–2,Group 2[edit]
Italy,1980,Italy , Belgium,0–0,Group 2[edit]
Italy,1980,Czechoslovakia , Italy,1–1,Third place play-off[edit]
Italy,1980,Belgium , West Germany,1–2,Final[edit]
France,1984,France , Denmark,1–0,Group 1[edit]
France,1984,Belgium , Yugoslavia,2–0,Group 1[edit]
France,1984,France , Belgium,5–0,Group 1[edit]
France,1984,Denmark , Yugoslavia,5–0,Group 1[edit]
France,1984,France , Yugoslavia,3–2,Group 1[edit]
France,1984,Denmark , Belgium,3–2,Group 1[edit]
France,1984,West Germany , Portugal,0–0,Group 2[edit]
France,1984,Romania , Spain,1–1,Group 2[edit]
France,1984,West Germany , Romania,2–1,Group 2[edit]
France,1984,Portugal , Spain,1–1,Group 2[edit]
France,1984,West Germany , Spain,0–1,Group 2[edit]
France,1984,Portugal , Romania,1–0,Group 2[edit]
France,1984,France , Portugal,3–2 (a.e.t.),Semi-finals[edit]
France,1984,Denmark , Spain,1–1 (a.e.t.),Semi-finals[edit]
France,1984,France , Spain,2–0,Final[edit]
West Germany,1988,West Germany , Italy,1–1,Group 1[edit]
West Germany,1988,Denmark , Spain,2–3,Group 1[edit]
West Germany,1988,West Germany , Denmark,2–0,Group 1[edit]
West Germany,1988,Italy , Spain,1–0,Group 1[edit]
West Germany,1988,West Germany , Spain,2–0,Group 1[edit]
West Germany,1988,Italy , Denmark,2–0,Group 1[edit]
West Germany,1988,England , Republic of Ireland,0–1,Group 2[edit]
West Germany,1988,Netherlands , Soviet Union,0–1,Group 2[edit]
West Germany,1988,England , Netherlands,1–3,Group 2[edit]
West Germany,1988,Republic of Ireland , Soviet Union,1–1,Group 2[edit]
West Germany,1988,England , Soviet Union,1–3,Group 2[edit]
West Germany,1988,Republic of Ireland , Netherlands,0–1,Group 2[edit]
West Germany,1988,West Germany , Netherlands,1–2,Semi-finals[edit]
West Germany,1988,Soviet Union , Italy,2–0,Semi-finals[edit]
West Germany,1988,Soviet Union , Netherlands,0–2,Final[edit]
Sweden,1992,Sweden , France,1–1,Group 1[edit]
Sweden,1992,Denmark , England,0–0,Group 1[edit]
Sweden,1992,France , England,0–0,Group 1[edit]
Sweden,1992,Sweden , Denmark,1–0,Group 1[edit]
Sweden,1992,Sweden , England,2–1,Group 1[edit]
Sweden,1992,France , Denmark,1–2,Group 1[edit]
Sweden,1992,Netherlands , Scotland,1–0,Group 2[edit]
Sweden,1992,CIS , Germany,1–1,Group 2[edit]
Sweden,1992,Scotland , Germany,0–2,Group 2[edit]
Sweden,1992,Netherlands , CIS,0–0,Group 2[edit]
Sweden,1992,Netherlands , Germany,3–1,Group 2[edit]
Sweden,1992,Scotland , CIS,3–0,Group 2[edit]
Sweden,1992,Sweden , Germany,2–3,Semi-finals[edit]
Sweden,1992,Netherlands , Denmark,2–2 (a.e.t.),Semi-finals[edit]
Sweden,1992,Denmark , Germany,2–0,Final[edit]
England,1996,England ,  Switzerland,1–1,Group A[edit]
England,1996,Netherlands , Scotland,0–0,Group A[edit]
England,1996,Switzerland , Netherlands,0–2,Group A[edit]
England,1996,Scotland , England,0–2,Group A[edit]
England,1996,Scotland ,  Switzerland,1–0,Group A[edit]
England,1996,Netherlands , England,1–4,Group A[edit]
England,1996,Spain , Bulgaria,1–1,Group B[edit]
England,1996,Romania , France,0–1,Group B[edit]
England,1996,Bulgaria , Romania,1–0,Group B[edit]
England,1996,France , Spain,1–1,Group B[edit]
England,1996,France , Bulgaria,3–1,Group B[edit]
England,1996,Romania , Spain,1–2,Group B[edit]
England,1996,Germany , Czech Republic,2–0,Group C[edit]
England,1996,Italy , Russia,2–1,Group C[edit]
England,1996,Czech Republic , Italy,2–1,Group C[edit]
England,1996,Russia , Germany,0–3,Group C[edit]
England,1996,Russia , Czech Republic,3–3,Group C[edit]
England,1996,Italy , Germany,0–0,Group C[edit]
England,1996,Denmark , Portugal,1–1,Group D[edit]
England,1996,Turkey , Croatia,0–1,Group D[edit]
England,1996,Portugal , Turkey,1–0,Group D[edit]
England,1996,Croatia , Denmark,3–0,Group D[edit]
England,1996,Croatia , Portugal,0–3,Group D[edit]
England,1996,Turkey , Denmark,0–3,Group D[edit]
England,1996,Spain , England,0–0 (a.e.t.),Quarter-finals[edit]
England,1996,France , Netherlands,0–0 (a.e.t.),Quarter-finals[edit]
England,1996,Germany , Croatia,2–1,Quarter-finals[edit]
England,1996,Czech Republic , Portugal,1–0,Quarter-finals[edit]
England,1996,France , Czech Republic,0–0 (a.e.t.),Semi-finals[edit]
England,1996,Germany , England,1–1 (a.e.t.),Semi-finals[edit]
England,1996,Czech Republic , Germany,1–2 (a.e.t./g.g.),Final[edit]
Belgium Netherlands,2000,Germany , Romania,1–1,Group A[edit]
Belgium Netherlands,2000,Portugal , England,3–2,Group A[edit]
Belgium Netherlands,2000,Romania , Portugal,0–1,Group A[edit]
Belgium Netherlands,2000,England , Germany,1–0,Group A[edit]
Belgium Netherlands,2000,England , Romania,2–3,Group A[edit]
Belgium Netherlands,2000,Portugal , Germany,3–0,Group A[edit]
Belgium Netherlands,2000,Belgium , Sweden,2–1,Group B[edit]
Belgium Netherlands,2000,Turkey , Italy,1–2,Group B[edit]
Belgium Netherlands,2000,Italy , Belgium,2–0,Group B[edit]
Belgium Netherlands,2000,Sweden , Turkey,0–0,Group B[edit]
Belgium Netherlands,2000,Turkey , Belgium,2–0,Group B[edit]
Belgium Netherlands,2000,Italy , Sweden,2–1,Group B[edit]
Belgium Netherlands,2000,Spain , Norway,0–1,Group C[edit]
Belgium Netherlands,2000,FR Yugoslavia , Slovenia,3–3,Group C[edit]
Belgium Netherlands,2000,Slovenia , Spain,1–2,Group C[edit]
Belgium Netherlands,2000,Norway , FR Yugoslavia,0–1,Group C[edit]
Belgium Netherlands,2000,FR Yugoslavia , Spain,3–4,Group C[edit]
Belgium Netherlands,2000,Slovenia , Norway,0–0,Group C[edit]
Belgium Netherlands,2000,France , Denmark,3–0,Group D[edit]
Belgium Netherlands,2000,Netherlands , Czech Republic,1–0,Group D[edit]
Belgium Netherlands,2000,Czech Republic , France,1–2,Group D[edit]
Belgium Netherlands,2000,Denmark , Netherlands,0–3,Group D[edit]
Belgium Netherlands,2000,Denmark , Czech Republic,0–2,Group D[edit]
Belgium Netherlands,2000,France , Netherlands,2–3,Group D[edit]
Belgium Netherlands,2000,Portugal , Turkey,2–0,Quarter-finals[edit]
Belgium Netherlands,2000,Italy , Romania,2–0,Quarter-finals[edit]
Belgium Netherlands,2000,Netherlands , FR Yugoslavia,6–1,Quarter-finals[edit]
Belgium Netherlands,2000,Spain , France,1–2,Quarter-finals[edit]
Belgium Netherlands,2000,France , Portugal,2–1 (a.e.t.),Semi-finals[edit]
Belgium Netherlands,2000,Italy , Netherlands,0–0 (a.e.t.),Semi-finals[edit]
Belgium Netherlands,2000,France , Italy,2–1 (a.e.t./g.g.),Final[edit]
Portugal,2004,Portugal , Greece,1–2,Group A[edit]
Portugal,2004,Spain , Russia,1–0,Group A[edit]
Portugal,2004,Greece , Spain,1–1,Group A[edit]
Portugal,2004,Russia , Portugal,0–2,Group A[edit]
Portugal,2004,Spain , Portugal,0–1,Group A[edit]
Portugal,2004,Russia , Greece,2–1,Group A[edit]
Portugal,2004,Switzerland , Croatia,0–0,Group B[edit]
Portugal,2004,France , England,2–1,Group B[edit]
Portugal,2004,England ,  Switzerland,3–0,Group B[edit]
Portugal,2004,Croatia , France,2–2,Group B[edit]
Portugal,2004,Croatia , England,2–4,Group B[edit]
Portugal,2004,Switzerland , France,1–3,Group B[edit]
Portugal,2004,Denmark , Italy,0–0,Group C[edit]
Portugal,2004,Sweden , Bulgaria,5–0,Group C[edit]
Portugal,2004,Bulgaria , Denmark,0–2,Group C[edit]
Portugal,2004,Italy , Sweden,1–1,Group C[edit]
Portugal,2004,Italy , Bulgaria,2–1,Group C[edit]
Portugal,2004,Denmark , Sweden,2–2,Group C[edit]
Portugal,2004,Czech Republic , Latvia,2–1,Group D[edit]
Portugal,2004,Germany , Netherlands,1–1,Group D[edit]
Portugal,2004,Latvia , Germany,0–0,Group D[edit]
Portugal,2004,Netherlands , Czech Republic,2–3,Group D[edit]
Portugal,2004,Netherlands , Latvia,3–0,Group D[edit]
Portugal,2004,Germany , Czech Republic,1–2,Group D[edit]
Portugal,2004,Portugal , England,2–2 (a.e.t.),Quarter-finals[edit]
Portugal,2004,France , Greece,0–1,Quarter-finals[edit]
Portugal,2004,Sweden , Netherlands,0–0 (a.e.t.),Quarter-finals[edit]
Portugal,2004,Czech Republic , Denmark,3–0,Quarter-finals[edit]
Portugal,2004,Portugal , Netherlands,2–1,Semi-finals[edit]
Portugal,2004,Greece , Czech Republic,1–0 (a.e.t./s.g.),Semi-finals[edit]
Portugal,2004,Portugal , Greece,0–1,Final[edit]
Austria Switzerland,2008,Switzerland , Czech Republic,0–1,Group A[edit]
Austria Switzerland,2008,Portugal , Turkey,2–0,Group A[edit]
Austria Switzerland,2008,Czech Republic , Portugal,1–3,Group A[edit]
Austria Switzerland,2008,Switzerland , Turkey,1–2,Group A[edit]
Austria Switzerland,2008,Switzerland , Portugal,2–0,Group A[edit]
Austria Switzerland,2008,Turkey , Czech Republic,3–2,Group A[edit]
Austria Switzerland,2008,Austria , Croatia,0–1,Group B[edit]
Austria Switzerland,2008,Germany , Poland,2–0,Group B[edit]
Austria Switzerland,2008,Croatia , Germany,2–1,Group B[edit]
Austria Switzerland,2008,Austria , Poland,1–1,Group B[edit]
Austria Switzerland,2008,Poland , Croatia,0–1,Group B[edit]
Austria Switzerland,2008,Austria , Germany,0–1,Group B[edit]
Austria Switzerland,2008,Romania , France,0–0,Group C[edit]
Austria Switzerland,2008,Netherlands , Italy,3–0,Group C[edit]
Austria Switzerland,2008,Italy , Romania,1–1,Group C[edit]
Austria Switzerland,2008,Netherlands , France,4–1,Group C[edit]
Austria Switzerland,2008,Netherlands , Romania,2–0,Group C[edit]
Austria Switzerland,2008,France , Italy,0–2,Group C[edit]
Austria Switzerland,2008,Spain , Russia,4–1,Group D[edit]
Austria Switzerland,2008,Greece , Sweden,0–2,Group D[edit]
Austria Switzerland,2008,Sweden , Spain,1–2,Group D[edit]
Austria Switzerland,2008,Greece , Russia,0–1,Group D[edit]
Austria Switzerland,2008,Greece , Spain,1–2,Group D[edit]
Austria Switzerland,2008,Russia , Sweden,2–0,Group D[edit]
Austria Switzerland,2008,Portugal , Germany,2–3,Quarter-finals[edit]
Austria Switzerland,2008,Croatia , Turkey,1–1 (a.e.t.),Quarter-finals[edit]
Austria Switzerland,2008,Netherlands , Russia,1–3 (a.e.t.),Quarter-finals[edit]
Austria Switzerland,2008,Spain , Italy,0–0 (a.e.t.),Quarter-finals[edit]
Austria Switzerland,2008,Germany , Turkey,3–2,Semi-finals[edit]
Austria Switzerland,2008,Russia , Spain,0–3,Semi-finals[edit]
Austria Switzerland,2008,Germany , Spain,0–1,Final[edit]
Poland Ukraine,2012,Poland , Greece,1–1,Group A[edit]
Poland Ukraine,2012,Russia , Czech Republic,4–1,Group A[edit]
Poland Ukraine,2012,Greece , Czech Republic,1–2,Group A[edit]
Poland Ukraine,2012,Poland , Russia,1–1,Group A[edit]
Poland Ukraine,2012,Czech Republic , Poland,1–0,Group A[edit]
Poland Ukraine,2012,Greece , Russia,1–0,Group A[edit]
Poland Ukraine,2012,Netherlands , Denmark,0–1,Group B[edit]
Poland Ukraine,2012,Germany , Portugal,1–0,Group B[edit]
Poland Ukraine,2012,Denmark , Portugal,2–3,Group B[edit]
Poland Ukraine,2012,Netherlands , Germany,1–2,Group B[edit]
Poland Ukraine,2012,Portugal , Netherlands,2–1,Group B[edit]
Poland Ukraine,2012,Denmark , Germany,1–2,Group B[edit]
Poland Ukraine,2012,Spain , Italy,1–1,Group C[edit]
Poland Ukraine,2012,Republic of Ireland , Croatia,1–3,Group C[edit]
Poland Ukraine,2012,Italy , Croatia,1–1,Group C[edit]
Poland Ukraine,2012,Spain , Republic of Ireland,4–0,Group C[edit]
Poland Ukraine,2012,Croatia , Spain,0–1,Group C[edit]
Poland Ukraine,2012,Italy , Republic of Ireland,2–0,Group C[edit]
Poland Ukraine,2012,France , England,1–1,Group D[edit]
Poland Ukraine,2012,Ukraine , Sweden,2–1,Group D[edit]
Poland Ukraine,2012,Ukraine , France,0–2,Group D[edit]
Poland Ukraine,2012,Sweden , England,2–3,Group D[edit]
Poland Ukraine,2012,England , Ukraine,1–0,Group D[edit]
Poland Ukraine,2012,Sweden , France,2–0,Group D[edit]
Poland Ukraine,2012,Czech Republic , Portugal,0–1,Quarter-finals[edit]
Poland Ukraine,2012,Germany , Greece,4–2,Quarter-finals[edit]
Poland Ukraine,2012,Spain , France,2–0,Quarter-finals[edit]
Poland Ukraine,2012,England , Italy,0–0 (a.e.t.),Quarter-finals[edit]
Poland Ukraine,2012,Portugal , Spain,0–0 (a.e.t.),Semi-finals[edit]
Poland Ukraine,2012,Germany , Italy,1–2,Semi-finals[edit]
Poland Ukraine,2012,Spain , Italy,4–0,Final[edit]
France,2016,France , Romania,2–1,Group A[edit]
France,2016,Albania ,  Switzerland,0–1,Group A[edit]
France,2016,Romania ,  Switzerland,1–1,Group A[edit]
France,2016,France , Albania,2–0,Group A[edit]
France,2016,Romania , Albania,0–1,Group A[edit]
France,2016,Switzerland , France,0–0,Group A[edit]
France,2016,Wales , Slovakia,2–1,Group B[edit]
France,2016,England , Russia,1–1,Group B[edit]
France,2016,Russia , Slovakia,1–2,Group B[edit]
France,2016,England , Wales,2–1,Group B[edit]
France,2016,Russia , Wales,0–3,Group B[edit]
France,2016,Slovakia , England,0–0,Group B[edit]
France,2016,Poland , Northern Ireland,1–0,Group C[edit]
France,2016,Germany , Ukraine,2–0,Group C[edit]
France,2016,Ukraine , Northern Ireland,0–2,Group C[edit]
France,2016,Germany , Poland,0–0,Group C[edit]
France,2016,Ukraine , Poland,0–1,Group C[edit]
France,2016,Northern Ireland , Germany,0–1,Group C[edit]
France,2016,Turkey , Croatia,0–1,Group D[edit]
France,2016,Spain , Czech Republic,1–0,Group D[edit]
France,2016,Czech Republic , Croatia,2–2,Group D[edit]
France,2016,Spain , Turkey,3–0,Group D[edit]
France,2016,Czech Republic , Turkey,0–2,Group D[edit]
France,2016,Croatia , Spain,2–1,Group D[edit]
France,2016,Republic of Ireland , Sweden,1–1,Group E[edit]
France,2016,Belgium , Italy,0–2,Group E[edit]
France,2016,Italy , Sweden,1–0,Group E[edit]
France,2016,Belgium , Republic of Ireland,3–0,Group E[edit]
France,2016,Italy , Republic of Ireland,0–1,Group E[edit]
France,2016,Sweden , Belgium,0–1,Group E[edit]
France,2016,Austria , Hungary,0–2,Group F[edit]
France,2016,Portugal , Iceland,1–1,Group F[edit]
France,2016,Iceland , Hungary,1–1,Group F[edit]
France,2016,Portugal , Austria,0–0,Group F[edit]
France,2016,Iceland , Austria,2–1,Group F[edit]
France,2016,Hungary , Portugal,3–3,Group F[edit]
France,2016,Switzerland , Poland,1–1 (a.e.t.),Round of 16[edit]
France,2016,Wales , Northern Ireland,1–0,Round of 16[edit]
France,2016,Croatia , Portugal,0–1 (a.e.t.),Round of 16[edit]
France,2016,France , Republic of Ireland,2–1,Round of 16[edit]
France,2016,Germany , Slovakia,3–0,Round of 16[edit]
France,2016,Hungary , Belgium,0–4,Round of 16[edit]
France,2016,Italy , Spain,2–0,Round of 16[edit]
France,2016,England , Iceland,1–2,Round of 16[edit]
France,2016,Poland , Portugal,1–1 (a.e.t.),Quarter-finals[edit]
France,2016,Wales , Belgium,3–1,Quarter-finals[edit]
France,2016,Germany , Italy,1–1 (a.e.t.),Quarter-finals[edit]
France,2016,France , Iceland,5–2,Quarter-finals[edit]
France,2016,Portugal , Wales,2–0,Semi-finals[edit]
France,2016,Germany , France,0–2,Semi-finals[edit]
France,2016,Portugal , France,1–0 (a.e.t.),Final[edit]
Azerbaijan Denmark England Germany Hungary Italy Netherlands Romania Russia Scotland Spain,2020,Turkey , Italy,0–3,Group A[edit]
Azerbaijan Denmark England Germany Hungary Italy Netherlands Romania Russia Scotland Spain,2020,Wales ,  Switzerland,1–1,Group A[edit]
Azerbaijan Denmark England Germany Hungary Italy Netherlands Romania Russia Scotland Spain,2020,Turkey , Wales,0–2,Group A[edit]
Azerbaijan Denmark England Germany Hungary Italy Netherlands Romania Russia Scotland Spain,2020,Italy ,  Switzerland,3–0,Group A[edit]
Azerbaijan Denmark England Germany Hungary Italy Netherlands Romania Russia Scotland Spain,2020,Switzerland , Turkey,3–1,Group A[edit]
Azerbaijan Denmark England Germany Hungary Italy Netherlands Romania Russia Scotland Spain,2020,Italy , Wales,1–0,Group A[edit]
Azerbaijan Denmark England Germany Hungary Italy Netherlands Romania Russia Scotland Spain,2020,Denmark , Finland,0–1,Group B[edit]
Azerbaijan Denmark England Germany Hungary Italy Netherlands Romania Russia Scotland Spain,2020,Belgium , Russia,3–0,Group B[edit]
Azerbaijan Denmark England Germany Hungary Italy Netherlands Romania Russia Scotland Spain,2020,Finland , Russia,0–1,Group B[edit]
Azerbaijan Denmark England Germany Hungary Italy Netherlands Romania Russia Scotland Spain,2020,Denmark , Belgium,1–2,Group B[edit]
Azerbaijan Denmark England Germany Hungary Italy Netherlands Romania Russia Scotland Spain,2020,Russia , Denmark,1–4,Group B[edit]
Azerbaijan Denmark England Germany Hungary Italy Netherlands Romania Russia Scotland Spain,2020,Finland , Belgium,0–2,Group B[edit]
Azerbaijan Denmark England Germany Hungary Italy Netherlands Romania Russia Scotland Spain,2020,Austria , North Macedonia,3–1,Group C[edit]
Azerbaijan Denmark England Germany Hungary Italy Netherlands Romania Russia Scotland Spain,2020,Netherlands , Ukraine,3–2,Group C[edit]
Azerbaijan Denmark England Germany Hungary Italy Netherlands Romania Russia Scotland Spain,2020,Ukraine , North Macedonia,2–1,Group C[edit]
Azerbaijan Denmark England Germany Hungary Italy Netherlands Romania Russia Scotland Spain,2020,Netherlands , Austria,2–0,Group C[edit]
Azerbaijan Denmark England Germany Hungary Italy Netherlands Romania Russia Scotland Spain,2020,North Macedonia , Netherlands,0–3,Group C[edit]
Azerbaijan Denmark England Germany Hungary Italy Netherlands Romania Russia Scotland Spain,2020,Ukraine , Austria,0–1,Group C[edit]
Azerbaijan Denmark England Germany Hungary Italy Netherlands Romania Russia Scotland Spain,2020,England , Croatia,1–0,Group D[edit]
Azerbaijan Denmark England Germany Hungary Italy Netherlands Romania Russia Scotland Spain,2020,Scotland , Czech Republic,0–2,Group D[edit]
Azerbaijan Denmark England Germany Hungary Italy Netherlands Romania Russia Scotland Spain,2020,Croatia , Czech Republic,1–1,Group D[edit]
Azerbaijan Denmark England Germany Hungary Italy Netherlands Romania Russia Scotland Spain,2020,England , Scotland,0–0,Group D[edit]
Azerbaijan Denmark England Germany Hungary Italy Netherlands Romania Russia Scotland Spain,2020,Croatia , Scotland,3–1,Group D[edit]
Azerbaijan Denmark England Germany Hungary Italy Netherlands Romania Russia Scotland Spain,2020,Czech Republic , England,0–1,Group D[edit]
Azerbaijan Denmark England Germany Hungary Italy Netherlands Romania Russia Scotland Spain,2020,Poland , Slovakia,1–2,Group E[edit]
Azerbaijan Denmark England Germany Hungary Italy Netherlands Romania Russia Scotland Spain,2020,Spain , Sweden,0–0,Group E[edit]
Azerbaijan Denmark England Germany Hungary Italy Netherlands Romania Russia Scotland Spain,2020,Sweden , Slovakia,1–0,Group E[edit]
Azerbaijan Denmark England Germany Hungary Italy Netherlands Romania Russia Scotland Spain,2020,Spain , Poland,1–1,Group E[edit]
Azerbaijan Denmark England Germany Hungary Italy Netherlands Romania Russia Scotland Spain,2020,Slovakia , Spain,0–5,Group E[edit]
Azerbaijan Denmark England Germany Hungary Italy Netherlands Romania Russia Scotland Spain,2020,Sweden , Poland,3–2,Group E[edit]
Azerbaijan Denmark England Germany Hungary Italy Netherlands Romania Russia Scotland Spain,2020,Hungary , Portugal,0–3,Group F[edit]
Azerbaijan Denmark England Germany Hungary Italy Netherlands Romania Russia Scotland Spain,2020,France , Germany,1–0,Group F[edit]
Azerbaijan Denmark England Germany Hungary Italy Netherlands Romania Russia Scotland Spain,2020,Hungary , France,1–1,Group F[edit]
Azerbaijan Denmark England Germany Hungary Italy Netherlands Romania Russia Scotland Spain,2020,Portugal , Germany,2–4,Group F[edit]
Azerbaijan Denmark England Germany Hungary Italy Netherlands Romania Russia Scotland Spain,2020,Portugal , France,2–2,Group F[edit]
Azerbaijan Denmark England Germany Hungary Italy Netherlands Romania Russia Scotland Spain,2020,Germany , Hungary,2–2,Group F[edit]
Azerbaijan Denmark England Germany Hungary Italy Netherlands Romania Russia Scotland Spain,2020,Wales , Denmark,0–4,Round of 16[edit]
Azerbaijan Denmark England Germany Hungary Italy Netherlands Romania Russia Scotland Spain,2020,Italy , Austria,2–1 (a.e.t.),Round of 16[edit]
Azerbaijan Denmark England Germany Hungary Italy Netherlands Romania Russia Scotland Spain,2020,Netherlands , Czech Republic,0–2,Round of 16[edit]
Azerbaijan Denmark England Germany Hungary Italy Netherlands Romania Russia Scotland Spain,2020,Belgium , Portugal,1–0,Round of 16[edit]
Azerbaijan Denmark England Germany Hungary Italy Netherlands Romania Russia Scotland Spain,2020,Croatia , Spain,3–5 (a.e.t.),Round of 16[edit]
Azerbaijan Denmark England Germany Hungary Italy Netherlands Romania Russia Scotland Spain,2020,France ,  Switzerland,3–3 (a.e.t.),Round of 16[edit]
Azerbaijan Denmark England Germany Hungary Italy Netherlands Romania Russia Scotland Spain,2020,England , Germany,2–0,Round of 16[edit]
Azerbaijan Denmark England Germany Hungary Italy Netherlands Romania Russia Scotland Spain,2020,Sweden , Ukraine,1–2 (a.e.t.),Round of 16[edit]
Azerbaijan Denmark England Germany Hungary Italy Netherlands Romania Russia Scotland Spain,2020,Switzerland , Spain,1–1 (a.e.t.),Quarter-finals[edit]
Azerbaijan Denmark England Germany Hungary Italy Netherlands Romania Russia Scotland Spain,2020,Belgium , Italy,1–2,Quarter-finals[edit]
Azerbaijan Denmark England Germany Hungary Italy Netherlands Romania Russia Scotland Spain,2020,Czech Republic , Denmark,1–2,Quarter-finals[edit]
Azerbaijan Denmark England Germany Hungary Italy Netherlands Romania Russia Scotland Spain,2020,Ukraine , England,0–4,Quarter-finals[edit]
Azerbaijan Denmark England Germany Hungary Italy Netherlands Romania Russia Scotland Spain,2020,Italy , Spain,1–1 (a.e.t.),Semi-finals[edit]
Azerbaijan Denmark England Germany Hungary Italy Netherlands Romania Russia Scotland Spain,2020,England , Denmark,2–1 (a.e.t.),Semi-finals[edit]
Azerbaijan Denmark England Germany Hungary Italy Netherlands Romania Russia Scotland Spain,2020,Italy , England,1–1 (a.e.t.),Final[edit]
Germany,2024,Germany , Scotland,5–1,Group A[edit]
Germany,2024,Hungary ,  Switzerland,Match 2,Group A[edit]
Germany,2024,Germany , Hungary,Match 14,Group A[edit]
Germany,2024,Scotland ,  Switzerland,Match 13,Group A[edit]
Germany,2024,Switzerland , Germany,Match 25,Group A[edit]
Germany,2024,Scotland , Hungary,Match 26,Group A[edit]
Germany,2024,Spain , Croatia,Match 3,Group B[edit]
Germany,2024,Italy , Albania,Match 4,Group B[edit]
Germany,2024,Croatia , Albania,Match 15,Group B[edit]
Germany,2024,Spain , Italy,Match 16,Group B[edit]
Germany,2024,Albania , Spain,Match 27,Group B[edit]
Germany,2024,Croatia , Italy,Match 28,Group B[edit]
Germany,2024,Slovenia , Denmark,Match 6,Group C[edit]
Germany,2024,Serbia , England,Match 5,Group C[edit]
Germany,2024,Slovenia , Serbia,Match 18,Group C[edit]
Germany,2024,Denmark , England,Match 17,Group C[edit]
Germany,2024,England , Slovenia,Match 29,Group C[edit]
Germany,2024,Denmark , Serbia,Match 30,Group C[edit]
Germany,2024,Poland , Netherlands,Match 7,Group D[edit]
Germany,2024,Austria , France,Match 8,Group D[edit]
Germany,2024,Poland , Austria,Match 19,Group D[edit]
Germany,2024,Netherlands , France,Match 20,Group D[edit]
Germany,2024,Netherlands , Austria,Match 31,Group D[edit]
Germany,2024,France , Poland,Match 32,Group D[edit]
Germany,2024,Romania , Ukraine,Match 10,Group E[edit]
Germany,2024,Belgium , Slovakia,Match 9,Group E[edit]
Germany,2024,Slovakia , Ukraine,Match 21,Group E[edit]
Germany,2024,Belgium , Romania,Match 22,Group E[edit]
Germany,2024,Slovakia , Romania,Match 33,Group E[edit]
Germany,2024,Ukraine , Belgium,Match 34,Group E[edit]
Germany,2024,Turkey , Georgia,Match 11,Group F[edit]
Germany,2024,Portugal , Czech Republic,Match 12,Group F[edit]
Germany,2024,Georgia , Czech Republic,Match 24,Group F[edit]
Germany,2024,Turkey , Portugal,Match 23,Group F[edit]
Germany,2024,Georgia , Portugal,Match 35,Group F[edit]
Germany,2024,Czech Republic , Turkey,Match 36,Group F[edit]
Germany,2024,Runner-up Group A,Runner-up Group B,Match 38,Round of 16[edit]
Germany,2024,Winner Group A,Runner-up Group C,Match 37,Round of 16[edit]
Germany,2024,Winner Group C,3rd Group D/E/F,Match 40,Round of 16[edit]
Germany,2024,Winner Group B,3rd Group A/D/E/F,Match 39,Round of 16[edit]
Germany,2024,Runner-up Group D,Runner-up Group E,Match 42,Round of 16[edit]
Germany,2024,Winner Group F,3rd Group A/B/C,Match 41,Round of 16[edit]
Germany,2024,Winner Group E,3rd Group A/B/C/D,Match 43,Round of 16[edit]
Germany,2024,Winner Group D,Runner-up Group F,Match 44,Round of 16[edit]
Germany,2024,Winner Match 39,Winner Match 37,Match 45,Quarter-finals[edit]
Germany,2024,Winner Match 41,Winner Match 42,Match 46,Quarter-finals[edit]
Germany,2024,Winner Match 40,Winner Match 38,Match 48,Quarter-finals[edit]
Germany,2024,Winner Match 43,Winner Match 44,Match 47,Quarter-finals[edit]
Germany,2024,Winner Match 45,Winner Match 46,Match 49,Semi-finals[edit]
Germany,2024,Winner Match 47,Winner Match 48,Match 50,Semi-finals[edit]
Germany,2024,Winner Match 49,Winner Match 50,Match 51,Final[edit]
